PARAMETER,SPECIFICATION
Speed,760_mph
Price,$20-$40_per_trip
Capacity,28-40_passengers_per_pod
Construction_cost,$6_billion_per_track
Operational_cost,$0.01-$0.06 per_passenger_mile
Safety,Equivalent_to_air_travel
Passenger_Comfort,Comparable_to_aircraft
Noise_level,Less_than_high_speed_rail
Environmental_Impact,Minimized
Energy_Consumption,Lower_than_air_travel
Route_length,Variable
Route_locator,Defined_GPS_coordinates
Infrastructure,Pylon_supported_tube_system
Technology,Magnetic_levitation_and_vacuum
Propulsion_Technique,Linear_Electric_Motor
Passenger_load_time,Station_platform_design_similar_to_metro
Pod_Design,Aerodynamic_composite_structure
Station_Design,Modern_and_minimalist
Ease_of_use,Ticketless_travel
Accelerating_force,0.5g
Decelerating_Force,0.5g
Emergency_procedures,Integrated_operational_procedures
Network_coverage,Dependent_on_expansion
System_redundancy,Yes
Failure_protocols,Automated_and_manual
System_Checks,Periodic_maintenance_and_real_time_monitoring
Maintenance,High
Efficiency,Variable
Initial_investment_cost,10%-15%
Return_on_Investment,Yes
Regulatory_framework,Varied_per_prototype
Prototype_performance,Variable
Training_cost,Electronic
Ticketing_system,High
Passenger_throughput,Excellent
User_experience_level,Less_than_plane_travel
Travel_time,Designed_for_ease_of_manufacturing_and_maintenance
Simplicity_of_design,Required_for_employees
Operational_training,High_frequency
Service_frequency,Dependent_on_location_and_infrastructure
Feasibility,Fast
Technology_Adoption_Rate,Variable
Max_load_capacity,Based_on_design
Average_load_capacity,Based_on_design
System_availability,24/7
Modularity,Designed_for_expansion
Scalability,Potential_for_growth
System_Maturity_Level,Technology_is_in_development
Energy_Storage,Batteries_or_Other_Forms_of_Stored_Energy
Ride_smoothness,Smooth_ride
Emergency_Scenario_Handling,Designed_into_the_operational_procedure
Service_Area,Based_on_located_stations
Cost_per_ride,$20-$40
Consultation_Cost,Dependent_on_project_size
Pilot_Project_Results,Depends_on_project
Project_Timeframe,Variable
Depreciation,Based_on_equipment_life
Operating_hours,24/7
Reliability,High
Life_Expectancy,30_years
Customer_Satisfaction,Variable
Investment_Risk,Depends_on_investment_analysis
Market_Penetration,Based_on_customer_base
Integration_with_other_transports,Integrated
Employment_created,Depends_on_project
Localization_potential,Potential_for_local_jobs
Multimodal_Connections,Based_on_location
Ease_of_construction,Potential_for_integration_with_other_modes
Quality_Control_Procedures,Depends_on_route
Disruption_Risk,Depends_on_system
Topographical_challenges,Medium
Tunnel_Diameter,Based_on_area
Tunnel_Construction_Technique,5m-7.4m
Ventilation,Tunnel_Boring_Machine
Altitude,Integrated_System
Temperature,Based_on_route
Pressure,Controlled
Humidity,Controlled
Weather_conditions,Controlled
Geological_conditions,Dependent_on_external_environment
Legal_issues,Based_on_route
Government_support,Legal_framework_exists
Public_acceptance,Variable
Local_opposition,Depends_on_public_opinion
Protest_risk,Depends_on_location
Environmental_considerations,Possible
Disaster_resistance,Yes
Pod_capacity,Depends_on_pod_design
Overall_project_cost,Varies_per_project
Manufacturing_Process,Streamlined_and_efficient
Testing_Certificate,As_required_by_regulatory_bodies
Power_source,Renewable_Sources
Emergency_evacuation_provisions,Dependent_on_pod_and_track_design
Accommodation,Depends_on_pod_design
Privacy,Yes
Sustainability,Dependent_on_Sustainability_Goals
Fuel_Type,Electricity
System_Life_Cycle,Designed_for_Long_Term_Use
Licensing,As_Required
Insurance,Required
Public_Relations,Community_Outing
Brand_Image,Positive
Visibility,High
Risk_Assessment,Completed
Safety_Standards,As_required
Passenger_Rights,Yes
Service_Delays,Rare
Indemnity,As_required
Public_Health_Implications,Depends_on_situation
Station_Location,Strategically_chosen
Quality_Assurance,As_required
Warranty_Provisions,As_offered
R&D,Yes
Backup_Systems,Built_in
Financial_Sustainability,Designed_for_Long_Term_Sustainability
